Pay Period Start Date,Pay Period End Date,Payday,All Payroll Transactions Due
01-Jan-24,14-Jan-24,Fri - 19-Jan-2024,Sun - 14-Jan-2024
15-Jan-24,28-Jan-24,Fri - 02-Feb-2024,Sun - 28-Jan-2024
29-Jan-24,11-Feb-24,Fri - 16-Feb-2024,Sun - 11-Feb-2024
12-Feb-24,25-Feb-24,Fri - 01-Mar-2024,Sun - 25-Feb-2024
26-Feb-24,10-Mar-24,Fri - 15-Mar-2024,Sun - 10-Mar-2024
11-Mar-24,24-Mar-24,Fri - 29-Mar-2024,Sun - 24-Mar-2024
25-Mar-24,07-Apr-24,Fri - 12-Apr-2024,Sun - 07-Apr-2024
08-Apr-24,21-Apr-24,Fri - 26-Apr-2024,Sun - 21-Apr-2024
22-Apr-24,05-May-24,Fri - 10-May-2024,Sun - 05-May-2024
06-May-24,19-May-24,Fri - 24-May-2024,Sun - 19-May-2024
20-May-24,02-Jun-24,Fri - 07-Jun-2024,Sun - 02-Jun-2024
03-Jun-24,16-Jun-24,Fri - 21-Jun-2024,Sun - 16-Jun-2024
17-Jun-24,30-Jun-24,Fri - 05-Jul-2024,Sun - 30-Jun-2024
01-Jul-24,14-Jul-24,Fri - 19-Jul-2024,Sun - 14-Jul-2024
15-Jul-24,28-Jul-24,Fri - 02-Aug-2024,Sun - 28-Jul-2024
29-Jul-24,11-Aug-24,Fri - 16-Aug-2024,Sun - 11-Aug-2024
12-Aug-24,25-Aug-24,Fri - 30-Aug-2024,Sun - 25-Aug-2024
26-Aug-24,08-Sep-24,Fri - 13-Sep-2024,Sun - 08-Sep-2024
09-Sep-24,22-Sep-24,Fri - 27-Sep-2024,Sun - 22-Sep-2024
23-Sep-24,06-Oct-24,Fri - 11-Oct-2024,Sun - 06-Oct-2024
07-Oct-24,20-Oct-24,Fri - 25-Oct-2024,Sun - 20-Oct-2024
21-Oct-24,03-Nov-24,Fri - 08-Nov-2024,Sun - 03-Nov-2024
04-Nov-24,17-Nov-24,Fri - 22-Nov-2024,Sun - 17-Nov-2024
18-Nov-24,01-Dec-24,Fri - 06-Dec-2024,Sun - 01-Dec-2024
02-Dec-24,15-Dec-24,Fri - 20-Dec-2024,Sun - 15-Dec-2024
16-Dec-24,29-Dec-24,Fri - 03-Jan-2025,Sun - 29-Dec-2024
